listing,price,brand,size
"üÜïÔ∏èGray faux Leather Crossbody Bag
          
      NWT",22.0,,Size: OS
Valentina‚Äé Adjustable Crossbody Bag Genuine Leather Made In Italy,40.0,Valentina,Size: OS
Gucci Beauty Canvas Makeup Bag Black  NWOT  Travel Cosmetics Pouch,65.0,Gucci,"Size: Approx 9""x6.5""x3"""
"Vera Bradley Cosmetic Makeup üíÑ Bag Red, Pink and White",11.0,Vera Bradley,Size: OS
"Vintage Black Mesh Evening Bag/Clutch, Made in West Germany, Cocktail Purse",23.0,Unknown,"Size: Approx. 8""x4"""
Authentic Vintage Gucci Web Monogram Canvas Black Leather Velcro Clutch,390.0,Gucci,Size: Small
"NWT Tory Burch Attersee Chevron Satchel
          
      NWT",885.0,Tory Burch,"Size: 15 1/2""L x 11 1/2""H x 5""D"
"NWT Coach Nolita 19 In Signature Canvas With Orange Print
          
      NWT",119.0,Coach,Size: OS
Burberry Beige and Brown Check Wallet,190.0,Burberry,Size: OS
Vera Bradley Black and Blue Paisley Shoulder Bag,60.0,Vera Bradley,Size: OS
Guess Black Cloth Logo Buckle Front Wallet,12.0,Guess,Size: 7.5‚Äù x 3.5‚Äù
Samantha Brown To-Go Quilted Top Handle Crossbody Bag BURGUNDY nwot,34.0,SAMANTHA BROWN,Size: OS
Satin Black Handbag,100.0,,Size: OS
"black rectangular shoulder bag with top handle | NWT | faux black leather
          
      NWT",10.0,,Size: OS
Carhartt Tan and Gold Tote Bag,120.0,Carhartt,Size: OS
Women's Tory Burch Leather Handbag Brown/Red One Size,175.0,Tory Burch,Size: OS
L.A.M.B. Gwen Stefani Marigold Tote Designer Leather Pvc Luxury Celebrity #168,550.0,L.A.M.B.,Size: OS
Burberry Checkered Shoulder Bag,450.0,Burberry,Size: OS
Black quilted chain straps tote bag with pouch,35.0,,Size: OS
"Lot of 3!! Y2K Mini Corduroy Tote Bags in Green, Black, and Red",24.0,Letu,Size: OS
Everlane Petra Crossbody - Leather and Suede - Black,250.0,Everlane,Size: OS
Vintage Coach Kisslock Skinny Tote GLUE IN REGISTRATION 9546 MOCHA NEW YORK CITY,399.0,Coach,Size: OS
Upcycled for hope corduroy mini crossbody bag,20.0,upcycled for hope,Size: OS
Michael Kors purse,82.0,,Size: OS
Linea Pelle Leather Shoulder Bag Handbag Braided Leather Purse Drawstrin‚Ä¶,40.0,Linea Pelle,Size: 11x10x2.5
"Elegant Cream Tote Bag with Floral Scarf
          
      NWT",40.0,Victoria's Secret,Size: OS
Herschel Supply Company Limited Edition Brown and Cream Patterned Backpack,60.0,Herschel Supply Company,Size: OS
Kate Spade Ivory Wallet,55.0,kate spade,Size: OS
"Michael Kors Rhea Medium Color-Block Signature Logo Backpack Powder Blush Multi
          
      NWT",169.0,Michael Kors,Size: Medium
"Michael Kors Women's Jet Set Large Tote Bag Black Saffiano Leather
          
      NWT",190.0,Michael Kors,Size: Large
"MICHAEL KORS LARGE FLAT MULTIFUNCTIONAL PHONE CASE ELECTRIC PINK COLOR
          
      NWT",88.0,Michael Kors,
Lilly Pulitzer Insulated Beach Cooler $110 Big Flirt Print Tropical Barbiecore,34.0,Lilly Pulitzer,Size: OS
BAO‚Äé BAO ISSEY MIYAKE Duo Mini Tote Bag PVC White X Black,256.0,Issey Miyake,Size: OS
St. John Tan Leather Tote Bag,80.0,St. John,Size: OS
Disney Loungefly 50th Anniversary Back Pack,90.0,Disney,Size: OS
Victoria's Secret Pink Sequin Clutch Bag,19.0,Victoria's Secret,Size: OS
Vera Bradley Pink Quilted Pocketbook - Shoulder Bag - excellent condition.,30.0,Vera Bradley,Size: OS
Universal Thread‚ÅüStraw Crossbody Bucket Purse,12.0,Universal Thread,Size: OS
Coach Sheridan Roswell Black and Brown Vintage Pebbled Leather Satchel EUC,168.0,Coach,Size: OS
Fossil Women's Crossbody Bag Black Multicolored Abstract Design,35.0,Fossil,Size: OS
Tory Burch lee radziwill series shoulder bag,235.0,Tory Burch,Size: OS
Wrangler Fringe Crossbody,20.0,Wrangler,Size: OS
Liz Claiborne Laura‚Äé Camera Crossbody Metallic,20.0,Liz Claiborne,Size: OS
Maiyet Fringe Leather Tote Bag,140.0,Maiyet,Size: OS
COACH 1941 Madison Wristlet,20.0,Coach,Size: OS
MICHAEL KORS Green Croc Embossed Tote Shoulder Bag Mercer Selma Raven,85.0,Michael Kors,Size: OS
Coach Madison Rose Leather Tea Rose Knot Floral Shoulder Bag Chain Sholder Bag,194.0,Coach,Size: OS
"FRIENDS Backpack‚Äé
          
      NWT",22.0,FRIENDS,Size: OS
"Coach Courier Wristlet clutch 89331 Brass/Pacific Blue. NWT
          
      NWT",199.0,Coach,Size: OS
"Brahmin Tabitha Beige Sandcastle Leather Shoulder NWT
          
      NWT",299.0,Brahmin,Size: OS
Juicy Couture,250.0,Juicy Couture,Size: OS
Taylor Boothe Cream Color-Block Tote with Dual Straps,19.0,Taylor Boothe,Size: OS
Gussaci Wristlet,12.0,Gussaci,Size: 7.5‚Äù x 5‚Äù
Sakroots‚ÅüArtist‚ÅüCircle¬†Tote‚ÄÑPurse,35.0,Sakroots,Size: EU OS
Floral Embroidered Drawstring Bag,18.0,Source Unknown,Size: OS
"MICHAEL KORS Crossbody Bag Yellow Leather Gold Chain Shoulder Purse
          
      NWT",75.0,Michael Kors,Size: OS
Louis Vuitton Rose Indian Ikat Vernis Sarah Wallet,1117.0,Louis Vuitton,Size: OS
Free People East End Backpack Zipper Closure Adjustable Shoulder Straps Black,248.0,Free People,Size: OS
Salvatore Ferragamo Suede and Python Shoulder Bag,850.0,Salvatore Ferragamo,Size: OS
"Disney Parks Mickey Mouse Comic Strip Wallet with Wristlet and Crossbody Strap
          
      NWT",39.0,Disney,Size: OS
"Baggallini Black Avenue Shoulder/tote  Bag
          
      NWT",80.0,Baggallini,Size: OS
orYANY Tan Brown Leather Woven Pockets Zipper‚Äé Closure Satchel Crossbody Bag,49.0,orYANY,Size: OS
"Kurt Geiger Kensington Beaded Convertible Shoulder Bag
          
      NWT",255.0,Kurt Geiger,Size: OS
"Hermes Baigne Souffl√© Engraved ""A"" Etoupes Long Wallet",1414.0,Hermes,Size: OS
LIKE NEW! Coach RETIRED COACH ACCORDION ZIP White Check Heart Purses White Bag,125.0,Coach,Size: OS
Christian Louboutin Kipi Pouch Shoulder Bag Handbag 3185198 Black Red Leather,1399.0,Christian Louboutin,Size: OS
Lug Dolly cosmetic bag,18.0,lug,Size: OS
"ON 34TH Redelle Small Crossbody, Created for Macy's",40.0,On 34th,Size: OS
DIOR Book Tote Bag Velour Black,4080.0,Dior,Size: OS
Certificate of Authenticity (COA) from Authentic Detective,40.0,,Size: 1 COA
"Lululemon-Leather Alternative Mini Bag 1.2L-Black-NWT
          
      NWT",95.0,lululemon athletica,Size: OS
"Harley Quinn x Batman Clutch ‚Äì Red, Black & White",14.0,DC Comics,Size: OS
"Victoria's Secret Fashion Show Silver Metallic‚ÅüCross Body Purse w/ Tassel‚ÅüNWT
          
      NWT",26.0,Victoria's Secret,Size: OS
"Brahmin Katie Spellbound Cross Body NWOT
          
      NWT",225.0,Brahmin,Size: OS
MICHAEL Kors grey patent leather tote bag with chain detail handles,30.0,Michael Kors,Size: OS
"Kate Spade Small Wallet Slim Butterfly Card Holder
          
      NWT",58.0,kate spade,
Betty Boop Wristlet by Nahui Ollin,8.0,,Size: OS
Barnes & Noble Black canvas Tote bag with Gold Accents,20.0,Barnes & Noble,Size: OS
Naturalizer Black and White Striped Leather Shoulder Purse Retro,29.0,Naturalizer,Size: OS
Herschel Supply Company Small Dawson Blue Backpack Stylish and Functional,30.0,Herschel Supply Company,Size: OS
Elegant Vintage Brown Cobra Snakeskin Purse | Crossbody Bag,60.0,Source Unknown,Size: OS
Vera‚ÄÖBradley‚ÄâPurse,30.0,Vera Bradley,Size: OS
Patricia Nash Ledra Safflower Blue Tooled Leather Crossbody Bucket Bag,110.0,Patricia Nash,"Size: 9""√ó8""√ó4"""
Auth Louis Vuitton Monogram Compiegne 23 M51847 Clutch Bag‚ÅüNS040426,470.0,Louis Vuitton,Size: OS
Vintage‚ÅüDooney & Bourke Y2K rainbow zipper coated canvas  accordion wallet,45.0,Dooney & Bourke,Size: OS
Oscar de la Renta Small Travel Purse Size Vinyl Cosmetics Zippered Bag - EUC,16.0,Oscar de la Renta,Size: OS
Marc Jacobs Chartreuse key/ card holder,40.0,Marc Jacobs,Size: OS
"New Rebecca Minkoff Elegant White Envelope Clutch
          
      NWT",100.0,Rebecca Minkoff,Size: OS
"NWT Kate Spade Shore Street Margareta Champagne Tote Bag‚Åüin Pink
          
      Boutique",198.0,kate spade,Size: OS
"MCM Mini‚ÅüCubic Monogram Shoulder Bag Purse‚ÅüNew
          
      NWT",679.0,MCM,Size: OS
"Nautica Black Tote Purse Brand New
          
      NWT",90.0,Nautica,Size: OS
Valentino Garavani Leather Travel Bag,120.0,Valentino Garavani,Size: OS
"Botkier New York Bond Black Nylon Compartment Tote Handbag 11.5‚ÄùL x 12‚ÄùH x 7.5‚ÄùD
          
      NWT",39.0,Botkier,Size: 11.5‚ÄùL x 12‚ÄùH x 7.5‚ÄùD
HTF COLOR COACH ACCORDION ZIP WALLET,115.0,Coach,Size: 7 3/4‚ÄùL x 4‚ÄùH
"Nicole Miller Gold Crossbody Bag with Luxurious Shine
          
      NWT",22.0,Nicole Miller,Size: OS
"NWT Kate Spade New York x Target White/Black Polka Dot Knit Crossbody Bag
          
      NWT",50.0,kate spade,Size: OS
5/$20 NWOT Ipsy Glam Bag November 2024 Snakeskin Python Shimmer Metallic,8.0,ipsy,Size: OS
Brighton love makes the world go round tote/shopping bag,18.0,Brighton,Size: OS
Mansur Gavriel Champagne Bucket Bag cognac brown Crossbody pebbled leather,450.0,Mansur Gavriel,Size: OS
Black Fringe Studded Shoulder/crossbody Bag,35.0,Blazin Roxx,Size: OS
Glamorous Gold and Brown Leopard Print Chain Strap Crossbody Bag by The Limited,23.0,The Limited,Size: OS
"Lululemon All Night Festival Bag 5L Black Gold
          
      NWT",56.0,lululemon athletica,Size: OS
Marc By Marc Jacobs Black Leather Shoulder Bag,130.0,Marc By Marc Jacobs,Size: OS
Kipling Backpack Black Travel Medium Fiona,45.0,Kipling,Size: OS
"NEW‚ÄºÔ∏è KARL LAGERFELD PARIS Slg Lanyard Wallet
          
      NWT",75.0,Karl Lagerfeld,"Size: Measurement: 7""W x 4""H x 1"""
VTG FAUX OSTRIGE LEATHER WALLET,10.0,Vintage,Size: OS
üíØ%AUTHENTIC  Dooney & Bourke Pebble Grain Satchel Large,180.0,Dooney & Bourke,Size: 10‚Äùh x 5.5‚Äù w x 13‚Äù Length
Stella Small Soft Tote Rebecca Minkoff Black,50.0,Rebecca Minkoff,Size: OS
"Patricia Nash Meadow Wristlet Wallet HAZELNUT nwt
          
      NWT",79.0,Patricia Nash,Size: OS
Kenneth Cole Reaction Large Cutout Tote,35.0,Kenneth Cole Reaction,Size: OS
"Loungefly Pixar The Incredibles Jack Jack Wallet NWT
          
      NWT",24.0,Loungefly,Size: OS
"MICHAEL KORS HAMILTON MEDIUM SATCHEL Dark Cherry COLOR
          
      Boutique",173.0,Michael Kors,Size: Medium
Anne Kleine Set Of Two Tote And Crossbody Bag Black Pebbled Leather Gold Accents,44.0,Anne Klein,Size: OS
"Margot New York | ‚ÄúTori‚Äù Bifold Leather Wallet
          
      NWT",48.0,Margot New York,Size: OS
"Thirty One NWT Call Me Crossbody Bag in Rio Weave‚Äé
          
      NWT",10.0,thirty-one,Size: OS
"Hand crafted Patchwork Crossbody Bag in Red and Blue
          
      NWT",10.0,Mommajsews,Size: OS
BAGUETTE Buckle Flap Shoulder Bag PU Leather Handbag Women‚Äôs Shoulder Bag Purse,25.0,Mystique Boutique,Size: OS
VERA BRADLEY Quilted Shoulder Bag Blue White Floral Pattern Purse,17.0,Vera Bradley,Size: OS
J. Crew clutch,80.0,J. Crew,Size: OS
Loewe 160th Anniversary Limited Edition Suede Shoulder Bag ‚Äì Rare Find,680.0,Loewe,Size: OS
COACH Faye Crossbody Purse Bag All Black Pebbled Leather Flap F1880-F22349,46.0,Coach,Size: OS
BAGGALLINI TOWN BAG Unisex Women's CAMO GRAY CROSSBODY EUC AUTHENTIC,25.0,Baggallini,Size: OS
NWOT Tory Burch Gorgia Slouchy Quilted Leather Tote,210.0,Tory Burch,Size: OS
"Coach short chain strap in shearling -NWT- Style No. CN066 -bag strap
          
      NWT",225.0,Coach,Size: OS
Nwot Sammy crossbody purse black with snake print pattern,20.0,Sammy,Size: OS
Alfani Glossy Black Shoulder Bag,30.0,Alfani,Size: OS
Jessica Simpson Bag,25.0,Jessica Simpson,Size: OS
Very nice bag,18.0,Miztique,Size: OS
Sostanza ‚Äé vintage leather crossbody,50.0,Sostanza,"Size: Approx 12""W x 8"" H x 4"" at bottom"
Madewell Oversized Piazza Tote Bag in Black Leather,99.0,Madewell,Size: OS
"Kate Spade Night Rose Laptop Sleeve
          
      NWT",45.0,kate spade,Size: OS
Victoria‚Äôs Secret pink tote bag,33.0,Victoria's Secret,Size: OS
Salvatore Ferragamo Black Leather Shoulder Crossbody Bag Vintage,195.0,Salvatore Ferragamo,Size: OS
"Michael Kors - NWT, Hot Pink Polly Bag, 2 Zippered Pockets, 1 Open Pocket,
          
      NWT",85.0,Michael Kors,Size: OS
"Valentino Orlandi White Vegan Leather V Logo Strap Studded Camera Zip Bag New
          
      NWT",99.0,Valentino Orlandi,Size: OS
VGUC cross straps lace covered bag with crossstrap.,13.0,,"Size: 8"" x 6"""
COACH Medium Wristlet Animal Print,39.0,Coach,Size: 5‚Äù x 8‚Äù approximately
"IKEA S√ÑCKK√ÑRRA Shopping bag, white/blue, 14 ¬Ωx22 ¬Ωx15 ¬º‚Äé ""/19 gallon
          
      NWT",11.0,IKEA,Size: OS
Black Nine West tote bag with shoulder straps and a detachable crossbody strap,13.0,Nine West,Size: OS
Clutch¬†bag¬†BCBGeneration,22.0,BCBGeneration,Size: OS
MMS BACKPACK ‚ÄúTHAT‚ÄôS BANANAS‚Äù! SLIGHT SMUDGE UNDER THE LETTER ‚ÄúT‚Äù ON THE FRONT,30.0,MMS Design Studio,Size: OS
"Burberry Fragrances Large Black Mesh Tote Bag
          
      NWT",60.0,Burberry,Size: OS
Michael Kors Bag Fob Purse Tag,18.0,Michael Kors,Size: OS
"Minnie-Inspired Red Bow Wallet Organizer Long Zip-Around Clutch 3 Compartments
          
      NWT",15.0,Minnie Mouse,Size: OS
L.A.M.B. Gwen Stefani Trompe L'oeil Wallet Cursive Love Angel Music Baby  #746,240.0,L.A.M.B.,Size: OS
"NEW Rae Dunn ‚Äúsweet‚Äù canvas bag
          
      NWT",20.0,Rae Dunn,Size: OS
Kate Spade Wellesley Cream Satchel,30.0,kate spade,Size: OS
Coach Y2K Teal Kisslock Wallet,150.0,Coach,Size: OS
Kate Spade Staci Colorblock Laptop Tote,165.0,kate spade,Size: OS
Gucci Floral Wallet on Chain Clutch,765.0,Gucci,Size: OS
Saint Laurent Black Clutch,850.0,Saint Laurent,Size: OS
Kavu Wave Tie Dye Adult Garibaldi Go Crossbody Zipup Bag,14.0,Kavu,Size: OS
"CARE BEARS X FOREVER 21 | 40TH ANNIVERSARY PLUSH BACKPACK
          
      NWT",40.0,Care Bears,Size: OS
Fossil Tessa Geometric Print Coated Canvas Satchel/Crossbody Bag Black SHB1471,35.0,Fossil,Size: OS
"Kate Spade Leila Convertible Leather Mini Pachette Bag Snakeskin Blue
          
      NWT",119.0,kate spade,Size: OS
"Disney Loungefly SDCC Limited Edition Bedtime Stitch Glow Zip Around Wallet
          
      NWT",85.0,Loungefly,Size: OS
"Michael Kors Jet Set Travel Envelope LG Continental Wallet Metallic Teal
          
      NWT",78.0,Michael Kors,"Size: 7.5""W X 4""H X1.75""D"
Genuine Leather Wristlet Clutch Wallet Purses Small Crossbody Bags,57.0,,Size: OS
"Sharif Metallic Bag
          
      NWT",169.0,Sharif,Size: OS
üíØ% AUTHENIC FENDI Vitello Continental Wallet Ardesia,190.0,Fendi,Size: OS
Authentic Coach Medium/Lg Canvas Leather Signature Logo Shoulder Bag (Pre-Owned),79.0,Coach,Size: OS
Vintage Whiting & Davis Co. Regency Mesh Kiss Lock Purse Castlecore Clut‚Ä¶,45.0,Whiting & Davis,"Size: 6,5"" X 5,5"""
"Kate Spade Mini Emelyn Briar Lane Floral Quilt Leather Crossbody
          
      NWT",325.0,kate spade,Size: OS
ED HARDY Tiger Dust Bag LARGE,18.0,Ed Hardy,Size: OS
SOLE‚ÅüSOCIETY WOMEN'S DESTIN‚Äé CROSSBODY BAG 2 VEGAN STUDDED WHIPSTICH CAMEL VEGAN,99.0,Sole Society,Size: OS
COACH Vintage Ritchie Bag Crossbody zip black,167.0,Coach,Size: OS
Fendi  Vitello Cruise F is Fendi Continental Envelope Wallet Tortora - Preowned,295.0,Fendi,Size: Length: 7.50 in Height: 3.50 in Width: 0.75 in
Michael Kors Black Leather Crossbody Shoulder Bag,35.0,Michael Kors,Size: OS
Pinzon Striped Crossbody Bag with Tassels,20.0,Pinzon,Size: OS
Snake Skin Print Guitar Crossbody Shoulder Strap,20.0,,Size: OS
Chinese Laundry: Large Black & White,20.0,Chinese Laundry,Size: OS
VTG Atlantic Floral Tapestry Bag Carry On w Keys! Toiletry Luggage Structured,50.0,Atlantic,Size: OS
New UO woven handbag with attachable strap,40.0,Urban Outfitters,Size: OS
Ocaba Paris Fuzzy Wool Mini Bag Dark Grey,8.0,Ocaba Paris,Size: OS
"Bay Sky XL Pink Raffia Beach Tote Bag NWT Zipper Close Lined San Diego Hat Co
          
      NWT",20.0,Bay Sky,Size: OS
LeSportsac Deluxe Everyday Bag Impressionist Flower Black Floral Purse Retired,75.0,Lesportsac,Size: OS
"New Gift Gorgeous embossed leather cowhide jewelry case holder travel organizer
          
      Boutique",57.0,,Size: OS
"Mint Red and Gold Bow Keychain
          
      NWT",25.0,Mint,Size: OS
"‚Ä¢Draper James‚Ä¢ Stylish Straw Tote W/Scarf  NWT
          
      NWT",43.0,Draper James,Size: OS
Lee Radziwill Petite Double Bag,698.0,Tory Burch,Size: OS
40. Oh‚Äé Joy! Women‚Äôs Elegant Gray and Coral Baby Bag,22.0,oh joy!,Size: OS
Under The Tree Sunrise/Sunset Large Minimalist Crossbody NWOT,150.0,under the tree,Size: OS
NWOT SHEEPSKIN GRAY LEATHER HOBO BAG,125.0,fayecreations,Size: OS
Woven Crossbody Bag‚Äé Circle Purse Shoulder Bag Toggle Closure Small,10.0,,Size: OS
"üÜïNWT Kate Spade Bixby Place Elena Black Patent Leather Handbag
          
      Boutique",195.0,kate spade,Size: OS
Small Burlap Colorful Purse Shoulder Bag African,25.0,None and/or Unknown,Size: OS
"Kate Spade New York x Target Champagne & French Fries Beaded Clutch NWT
          
      NWT",50.0,kate spade,Size: 6.1 Inches (H) x 8.26 Inches (W) x .39 Inches (D)
Coach Slim Turnlock Crossbody Bag in Brick Red,127.0,Coach,Size: small
Coach Elegant White Quilted Shoulder Bag,160.0,,Size: OS
CHANEL Cambon Ligne Zip Wallet Organizer Black Quilted Leather Hot Pink,1038.0,CHANEL,Size: Approx: 9‚Äù L x 1‚ÄùW x 5‚ÄùH
HOBO Vida Small Tote Crossbody Bag Purse Micro Pebbled Leather Burgundy ‚ÄúPort‚Äù,100.0,HOBO,Size: OS
Louis Vuitton Vernis Wallet in Light Yellow,224.0,Louis Vuitton,Size: OS
RARE Coach Medium Id Zip Wallet In Signature Canvas With Love Print Purses Bag,99.0,Coach,Size: OS
üá∫üá≤Dooney & Bourke Vintage Cabriolet  Backpack made in  USA,100.0,Dooney & Bourke,Size: OS
Vintage Coach Y2K Signature C Penelope Shoulder Bag,89.0,Coach,Size: OS
"Impact Aware Recycled Canvas Pumpkin Patch Grey Tote Bag Farmer‚Äôs Market NWT
          
      NWT",18.0,Aware,Size: OS
Vintage Coach RED Willis -9927 -Costa Rica,499.0,Coach,Size: OS
"DEZI Skin Pack It All Multi Purpose Hanging Travel Bag Soft Hook PU Leather
          
      NWT",40.0,DEZI,Size: OS
VS PINK XL Red Tote Bag Y2K Love Rock & Roll Messenger,58.0,PINK,Size: OS
London Fog Brown Crocodile Embossed Tote,22.0,London Fog,Size: OS
Vintage Y2K Guess Black Croc-Embossed Patent Leather Medium Shoulder Bag,30.0,Guess,Size: OS
Coach wristlet/wallet.,65.0,Coach,Size: OS
"Badgley Mischka Pink Tweed Bag
          
      Boutique",45.0,Badgley Mischka,Size: OS
"Pretty Sumple Nadya Nylon Bum Bag *ANTHROPOLOGIE*
          
      NWT",30.0,Pretty Simple,Size: OS
"Anime Demon Slayer Shoulder Crossbody Bag
          
      NWT",25.0,Source Unknown,Size: OS
"Auth Louis Vuitton Damier Ebene Siena
PM 2Way Bag W/Box/Dust Bag",1395.0,Louis Vuitton,Size: OS
Chanel Sequin Mini Backpack Waterfall Blue Tri-color Bag Rare Light Limited Ed.,3475.0,CHANEL,Size: OS
Southwestern Shoulder Bag Womens Tan Brown Handwoven Fringe Woven Southwestern,28.0,unbranded,Size: OS
Gucci YEAR OF THE TIGER Bag,1300.0,Gucci,Size: OS
Lanc√¥me Black White Red Shiny Vinyl Shoulder Bag or Tote Bag GUC,13.0,Lancome,Size: OS
Dooney & Bourke Teal and Tan Satchel,80.0,Dooney & Bourke,Size: OS
KATE SPADE Burgundy Zipper Wallet,54.0,kate spade,Size: OS
"Laudree Shopping , a Laudree macaron booklet & 3 napkins
          
      NWT",10.0,Laudree,Size: OS
Lululemon Everywhere Crossbody Belt Bag Wordmark Black and Gold Logo,40.0,lululemon athletica,Size: OS
NWOT Tory Burch Kira Black Leather Tri-fold Wallet üñ§üíõüéÅ,185.0,Tory Burch,Size: OS
Brahmin Vintage Smooth Cream Leather Bag,125.0,Brahmin,Size: OS
Chanel Ligne Cambon Lambskin Quilted Bag,2598.0,CHANEL,Size: OS
Skip Hop Duo Signature Striped Large Diaper Bag,40.0,Skip Hop,Size: OS
ETIENNE AIGNER ADELINE LEATHER  CAMERA BAG PURSE CROSSBODY,67.0,Etienne Aigner,Size: OS
"Michael Kors Large Charlotte Tote Bag Cider Color
          
      NWT",128.0,Michael Kors,Size: Medium
"Patricia Nash SCAFATI Canteen Shaped Crossbody Bag SMOKE PHYTON nwt
          
      NWT",86.0,Patricia Nash,Size: OS
Prada Black Nylon Tote Bag Sleek Minimalist Design,280.0,Prada,Size: OS
Gently Loved Dooney & Bourke Cabriolet  Tote Bag,45.0,Dooney & Bourke,Size: OS
"Purse Black Multicolor crossbody satchel bag chic stylish graffiti mini bag
          
      NWT",40.0,Purse,Size: OS
Urban Outfitters UO Sammi Hobo Bag,35.0,Urban Outfitters,Size: OS
Louis Vuitton Cherry Design Mini Bag in Brown and Tan,356.0,Louis Vuitton,Size: OS
A New Day Beige Zip Pouch,25.0,a new day,Size: OS
"Cow Print Tri-Fold wallet‚Äé with optional personalization on the inside
          
      NWT",18.0,,Size: OS
Michael Kors Sinclair Grab Tote Ocean Blue,89.0,Michael Kors,Size: OS
"Isaac‚ÄÑMizrahi‚ÅüWristlet,¬†Gently‚ÅüUsed",27.0,Isaac Mizrahi,Size: OS
Western Tote Bag,48.0,,Size: OS
Cole Haan satchel,35.0,Cole Haan,Size: OS
LIKE üÜï CORNER ZIP WRISTLET IN SIGNATURE CANVAS (COACH F58035) KHAKI/BLUE/SILVER,26.0,Coach,Size: OS
"BP Mint Green Tote Bag L-II
          
      NWT",9.0,bp,Size: OS
"NWT - 32 Degrees Unisex Crossbody Clear Bag
          
      NWT",18.0,32 Degrees,Size: OS
"Brand new***Victoria‚Äôs Secret Black/Red Plaid Tote Handbag Purse
          
      NWT",20.0,Victoria's Secret,Size: OS
NWOT Vintage Dooney & Bourke White and Blue Heart Pattern Wristlet,40.0,Dooney & Bourke,Size: OS
"Kipling Leopard Print Textile Padded Wallet Organizer  7,5"" X 4""",25.0,Kipling,"Size: 7,5""X4"""
Turkish Wool Kilim Carpe backpack-bag Bohemian Tapestry Leather Straps Indiecore,100.0,Source Unknown,Size: OS
"Kate Spade Minnie Mouse Wallet NWT
          
      Boutique",115.0,kate spade,"Size: 3.72"" x 4.36"" x 1.12"""
